time,events
0,idle
8,idle
16,idle
25,idle
33,idle
41,idle
50,idle
58,idle
66,idle
75,idle
83,idle
91,idle
100,idle
108,idle
116,idle
125,idle
133,idle
141,idle
150,idle
158,idle
166,idle
175,idle
183,idle
191,idle
200,idle
208,idle
216,idle
225,idle
233,idle
241,idle
250,idle
258,idle
266,idle
275,idle
283,idle
291,idle
300,idle
308,idle
316,idle
325,idle
333,idle
341,idle
350,idle
358,idle
366,idle
375,idle
383,idle
391,idle
400,idle
408,idle
416,idle
425,idle
433,idle
441,idle
450,idle
458,idle
466,idle
475,idle
483,idle
491,idle
500,idle
508,idle
516,idle
525,idle
533,idle
541,idle
550,idle
558,idle
566,idle
575,idle
583,idle
591,idle
600,idle
608,idle
616,idle
625,idle
633,idle
641,idle
650,idle
658,idle
666,idle
675,idle
683,idle
691,idle
700,idle
708,idle
716,idle
725,idle
733,idle
741,idle
750,idle
758,idle
766,idle
775,idle
783,idle
791,idle
800,idle
808,idle
816,idle
825,idle
833,idle
841,idle
850,idle
858,idle
866,idle
875,idle
883,idle
891,idle
900,idle
908,idle
916,idle
925,idle
933,idle
941,idle
950,idle
958,idle
966,idle
975,idle
983,idle
991,idle
1000,idle
1008,idle
1016,idle
1025,idle
1033,idle
1041,idle
1050,idle
1058,idle
1066,idle
1075,idle
1083,idle
1091,idle
1100,idle
1108,idle
1116,idle
1125,idle
1133,idle
1141,idle
1150,idle
1158,idle
1166,idle
1175,idle
1183,idle
1191,idle
1200,idle
1208,idle
1216,idle
1225,idle
1233,idle
1241,idle
1250,idle
1258,idle
1266,idle
1275,idle
1283,idle
1291,idle
1300,idle
1308,idle
1316,idle
1325,idle
1333,idle
1341,idle
1350,idle
1358,idle
1366,idle
1375,idle
1383,idle
1391,idle
1400,idle
1408,idle
1416,idle
1425,idle
1433,idle
1441,idle
1450,idle
1458,idle
1466,idle
1475,idle
1483,idle
1491,idle
1500,idle
1508,idle
1516,idle
1525,idle
1533,swipe_left
1541,idle
1550,idle
1558,idle
1566,idle
1575,idle
1583,idle
1591,idle
1600,idle
1608,idle
1616,idle
1625,idle
1633,idle
1641,idle
1650,idle
1658,idle
1666,idle
1675,idle
1683,idle
1691,idle
1700,idle
1708,idle
1716,idle
1725,idle
1733,idle
1741,idle
1750,idle
1758,idle
1766,idle
1775,idle
1783,idle
1791,idle
1800,idle
1808,idle
1816,idle
1825,idle
1833,idle
1841,idle
1850,idle
1858,idle
1866,idle
1875,idle
1883,idle
1891,idle
1900,idle
1908,idle
1916,idle
1925,idle
1933,idle
1941,idle
1950,idle
1958,idle
1966,idle
1975,idle
1983,idle
1991,idle
2000,idle
2008,idle
2016,idle
2025,idle
2033,idle
2041,idle
2050,idle
2058,idle
2066,idle
2075,idle
2083,idle
2091,idle
2100,idle
2108,idle
2116,idle
2125,idle
2133,idle
2141,idle
2150,idle
2158,idle
2166,idle
2175,idle
2183,idle
2191,idle
2200,idle
2208,idle
2216,idle
2225,idle
2233,idle
2241,idle
2250,idle
2258,idle
2266,idle
2275,idle
2283,idle
2291,idle
2300,idle
2308,idle
2316,idle
2325,idle
2333,idle
2341,idle
2350,idle
2358,idle
2366,idle
2375,idle
2383,idle
2391,idle
2400,idle
2408,idle
2416,idle
2425,idle
2433,idle
2441,idle
2450,idle
2458,idle
2466,idle
2475,idle
2483,idle
2491,idle
2500,idle
2508,idle
2516,idle
2525,idle
2533,idle
2541,idle
2550,idle
2558,idle
2566,idle
2575,idle
2583,idle
2591,idle
2600,idle
2608,idle
2616,idle
2625,idle
2633,idle
2641,idle
2650,idle
2658,idle
2666,idle
2675,idle
2683,idle
2691,idle
2700,idle
2708,idle
2716,idle
2725,idle
2733,idle
2741,idle
2750,idle
2758,idle
2766,idle
2775,idle
2783,idle
2791,idle
2800,idle
2808,idle
2816,idle
2825,idle
2833,idle
2841,idle
2850,idle
2858,idle
2866,idle
2875,idle
2883,idle
2891,idle
2900,idle
2908,idle
2916,idle
2925,idle
2933,idle
2941,idle
2950,idle
2958,idle
2966,idle
2975,idle
2983,idle
2991,idle
3000,idle
3008,idle
3016,idle
3025,idle
3033,idle
3041,idle
3050,idle
3058,idle
3066,idle
3075,idle
3083,idle
3091,idle
3100,idle
3108,idle
3116,idle
3125,idle
3133,idle
3141,idle
3150,idle
3158,idle
3166,idle
3175,idle
3183,idle
3191,idle
3200,idle
3208,idle
3216,idle
3225,idle
3233,idle
3241,idle
3250,idle
3258,idle
3266,idle
3275,idle
3283,idle
3291,idle
3300,idle
3308,idle
3316,idle
3325,idle
3333,idle
3341,idle
3350,idle
3358,idle
3366,idle
3375,idle
3383,idle
3391,idle
3400,idle
3408,idle
3416,idle
3425,idle
3433,idle
3441,idle
3450,idle
3458,idle
3466,idle
3475,idle
3483,idle
3491,idle
3500,idle
3508,idle
3516,idle
3525,idle
3533,idle
3541,idle
3550,idle
3558,idle
3566,idle
3575,idle
3583,idle
3591,idle
3600,idle
3608,idle
3616,idle
3625,idle
3633,idle
3641,idle
3650,idle
3658,idle
3666,idle
3675,idle
3683,idle
3691,idle
3700,idle
3708,idle
3716,idle
3725,idle
3733,idle
3741,idle
3750,idle
3758,idle
3766,idle
3775,idle
3783,idle
3791,idle
3800,idle
3808,idle
3816,idle
3825,idle
3833,idle
3841,idle
3850,idle
3858,idle
3866,idle
3875,idle
3883,idle
3891,idle
3900,idle
3908,idle
3916,idle
3925,idle
3933,idle
3941,idle
3950,idle
3958,idle
3966,idle
3975,idle
3983,idle
3991,idle
4000,idle
4008,idle
4016,idle
4025,idle
4033,idle
4041,idle
4050,idle
4058,idle
4066,idle
4075,idle
4083,idle
4091,idle
4100,idle
4108,idle
4116,idle
4125,idle
4133,idle
4141,idle
4150,idle
4158,idle
4166,idle
4175,idle
4183,idle
4191,idle
4200,idle
4208,idle
4216,idle
4225,idle
4233,idle
4241,idle
4250,idle
4258,idle
4266,idle
4275,idle
4283,idle
4291,idle
4300,idle
4308,idle
4316,idle
4325,idle
4333,idle
4341,idle
4350,idle
4358,idle
4366,idle
4375,idle
4383,idle
4391,idle
4400,idle
4408,idle
4416,idle
4425,idle
4433,idle
4441,idle
4450,idle
4458,idle
4466,idle
4475,idle
4483,idle
4491,idle
4500,idle
4508,idle
4516,idle
4525,idle
4533,idle
4541,idle
4550,idle
4558,idle
4566,idle
4575,idle
4583,idle
4591,idle
4600,idle
4608,idle
4616,idle
4625,idle
4633,idle
4641,idle
4650,idle
4658,idle
4666,idle
4675,idle
4683,idle
4691,idle
4700,idle
4708,idle
4716,idle
4725,idle
4733,idle
4741,idle
4750,idle
4758,idle
4766,idle
4775,idle
4783,idle
4791,idle
4800,idle
4808,idle
4816,idle
4825,idle
4833,idle
4841,idle
4850,idle
4858,idle
4866,idle
4875,idle
4883,idle
4891,idle
4900,idle
4908,idle
4916,idle
4925,idle
4933,swipe_left
4941,idle
4950,idle
4958,idle
4966,idle
4975,idle
4983,idle
4991,idle
5000,idle
5008,idle
5016,idle
5025,idle
5033,idle
5041,idle
5050,idle
5058,idle
5066,idle
5075,idle
5083,idle
5091,idle
5100,idle
5108,idle
5116,idle
5125,idle
5133,idle
5141,idle
5150,idle
5158,idle
5166,idle
5175,idle
5183,idle
5191,idle
5200,idle
5208,idle
5216,idle
5225,idle
5233,idle
5241,idle
5250,idle
5258,idle
5266,idle
5275,idle
5283,idle
5291,idle
5300,idle
5308,idle
5316,idle
5325,idle
5333,idle
5341,idle
5350,idle
5358,idle
5366,idle
5375,idle
5383,idle
5391,idle
5400,idle
5408,idle
5416,idle
5425,idle
5433,idle
5441,idle
5450,idle
5458,idle
5466,idle
5475,idle
5483,idle
5491,idle
5500,idle
5508,idle
5516,idle
5525,idle
5533,idle
5541,idle
5550,idle
5558,idle
5566,idle
5575,idle
5583,idle
5591,idle
5600,idle
5608,idle
5616,idle
5625,idle
5633,idle
5641,idle
5650,idle
5658,idle
5666,idle
5675,idle
5683,idle
5691,idle
5700,idle
5708,idle
5716,idle
5725,idle
5733,idle
5741,idle
5750,idle
5758,idle
5766,idle
5775,idle
5783,idle
5791,idle
5800,idle
5808,idle
5816,idle
5825,idle
5833,idle
5841,idle
5850,idle
5858,idle
5866,idle
5875,idle
5883,idle
5891,idle
5900,idle
5908,idle
5916,idle
5925,idle
5933,idle
5941,idle
5950,idle
5958,idle
5966,idle
5975,idle
5983,idle
5991,idle
6000,idle
6008,idle
6016,idle
6025,idle
6033,idle
6041,idle
6050,idle
6058,idle
6066,idle
6075,idle
6083,idle
6091,idle
6100,idle
6108,idle
6116,idle
6125,idle
6133,idle
6141,idle
6150,idle
6158,idle
6166,idle
6175,idle
6183,idle
6191,idle
6200,idle
6208,idle
6216,idle
6225,idle
6233,idle
6241,idle
6250,idle
6258,idle
6266,idle
6275,idle
6283,idle
6291,idle
6300,idle
6308,idle
6316,idle
6325,idle
6333,idle
6341,idle
6350,idle
6358,idle
6366,idle
6375,idle
6383,idle
6391,idle
6400,idle
6408,idle
6416,idle
6425,idle
6433,idle
6441,idle
6450,idle
6458,idle
6466,idle
6475,idle
6483,idle
6491,idle
6500,idle
6508,idle
6516,idle
6525,idle
6533,idle
6541,idle
6550,idle
6558,idle
6566,idle
6575,idle
6583,idle
6591,idle
6600,idle
6608,idle
6616,idle
6625,idle
6633,idle
6641,idle
6650,idle
6658,idle
6666,idle
6675,idle
6683,idle
6691,idle
6700,idle
6708,idle
6716,idle
6725,idle
6733,idle
6741,idle
6750,idle
6758,idle
6766,idle
6775,idle
6783,idle
6791,idle
6800,idle
6808,idle
6816,idle
6825,idle
6833,idle
6841,idle
6850,idle
6858,idle
6866,idle
6875,idle
6883,idle
6891,idle
6900,idle
6908,idle
6916,idle
6925,idle
6933,idle
6941,idle
6950,idle
6958,idle
6966,idle
6975,idle
6983,idle
6991,idle
7000,idle
7008,idle
7016,idle
7025,idle
7033,idle
7041,idle
7050,idle
7058,idle
7066,idle
7075,idle
7083,idle
7091,idle
7100,idle
7108,idle
7116,idle
7125,idle
7133,idle
7141,idle
7150,idle
7158,idle
7166,idle
7175,idle
7183,idle
7191,idle
7200,idle
7208,idle
7216,idle
7225,idle
7233,idle
7241,idle
7250,idle
7258,idle
7266,idle
7275,idle
7283,idle
7291,idle
7300,idle
7308,idle
7316,idle
7325,idle
7333,idle
7341,idle
7350,idle
7358,idle
7366,idle
7375,idle
7383,idle
7391,idle
7400,idle
7408,idle
7416,idle
7425,idle
7433,idle
7441,idle
7450,idle
7458,idle
7466,idle
7475,idle
7483,idle
7491,idle
7500,idle
7508,idle
7516,idle
7525,idle
7533,idle
7541,idle
7550,idle
7558,idle
7566,idle
7575,idle
7583,idle
7591,idle
7600,idle
7608,idle
7616,idle
7625,idle
7633,idle
7641,idle
7650,idle
7658,idle
7666,idle
7675,idle
7683,idle
7691,idle
7700,idle
7708,idle
7716,idle
7725,idle
7733,idle
7741,idle
7750,idle
7758,idle
7766,idle
7775,idle
7783,idle
7791,idle
7800,idle
7808,idle
7816,idle
7825,idle
7833,idle
7841,idle
7850,idle
7858,idle
7866,idle
7875,idle
7883,idle
7891,idle
7900,idle
7908,idle
7916,idle
7925,idle
7933,idle
7941,idle
7950,idle
7958,idle
7966,idle
7975,idle
7983,idle
7991,idle
8000,idle
8008,idle
8016,idle
8025,idle
8033,idle
8041,idle
8050,idle
8058,idle
8066,idle
8075,idle
8083,idle
8091,idle
8100,idle
8108,idle
8116,idle
8125,idle
8133,idle
8141,idle
8150,idle
8158,idle
8166,idle
8175,idle
8183,idle
8191,idle
8200,idle
8208,idle
8216,idle
8225,idle
8233,idle
8241,idle
8250,idle
8258,idle
8266,idle
8275,idle
8283,idle
8291,idle
8300,idle
8308,idle
8316,idle
8325,idle
8333,idle
8341,idle
8350,idle
8358,idle
8366,idle
8375,idle
8383,idle
8391,idle
8400,idle
8408,idle
8416,idle
8425,idle
8433,idle
8441,idle
8450,idle
8458,idle
8466,idle
8475,idle
8483,idle
8491,idle
8500,idle
8508,idle
8516,idle
8525,idle
8533,idle
8541,idle
8550,idle
8558,idle
8566,idle
8575,idle
8583,idle
8591,idle
8600,idle
8608,idle
8616,idle
8625,idle
8633,idle
8641,idle
8650,idle
8658,idle
8666,idle
8675,idle
8683,idle
8691,idle
8700,idle
8708,idle
8716,idle
8725,idle
8733,swipe_left
8741,idle
8750,idle
8758,idle
8766,idle
8775,idle
8783,idle
8791,idle
8800,idle
8808,idle
8816,idle
8825,idle
8833,idle
8841,idle
8850,idle
8858,idle
8866,idle
8875,idle
8883,idle
8891,idle
8900,idle
8908,idle
8916,idle
8925,idle
8933,idle
8941,idle
8950,idle
8958,idle
8966,idle
8975,idle
8983,idle
8991,idle
9000,idle
9008,idle
9016,idle
9025,idle
9033,idle
9041,idle
9050,idle
9058,idle
9066,idle
9075,idle
9083,idle
9091,idle
9100,idle
9108,idle
9116,idle
9125,idle
9133,idle
9141,idle
9150,idle
9158,idle
9166,idle
9175,idle
9183,idle
9191,idle
9200,idle
9208,idle
9216,idle
9225,idle
9233,idle
9241,idle
9250,idle
9258,idle
9266,idle
9275,idle
9283,idle
9291,idle
9300,idle
9308,idle
9316,idle
9325,idle
9333,idle
9341,idle
9350,idle
9358,idle
9366,idle
9375,idle
9383,idle
9391,idle
9400,idle
9408,idle
9416,idle
9425,idle
9433,idle
9441,idle
9450,idle
9458,idle
9466,idle
9475,idle
9483,idle
9491,idle
9500,idle
9508,idle
9516,idle
9525,idle
9533,idle
9541,idle
9550,idle
9558,idle
9566,idle
9575,idle
9583,idle
9591,idle
9600,idle
9608,idle
9616,idle
9625,idle
9633,idle
9641,idle
9650,idle
9658,idle
9666,idle
9675,idle
9683,idle
9691,idle
9700,idle
9708,idle
9716,idle
9725,idle
9733,idle
9741,idle
9750,idle
9758,idle
9766,idle
9775,idle
9783,idle
9791,idle
9800,idle
9808,idle
9816,idle
9825,idle
9833,idle
9841,idle
9850,idle
9858,idle
9866,idle
9875,idle
9883,idle
9891,idle
9900,idle
9908,idle
9916,idle
9925,idle
9933,idle
9941,idle
9950,idle
9958,idle
9966,idle
9975,idle
9983,idle
9991,idle
10000,idle
10008,idle
10016,idle
10025,idle
10033,idle
10041,idle
10050,idle
10058,idle
10066,idle
10075,idle
10083,idle
10091,idle
10100,idle
10108,idle
10116,idle
10125,idle
10133,idle
10141,idle
10150,idle
10158,idle
10166,idle
10175,idle
10183,idle
10191,idle
10200,idle
10208,idle
10216,idle
10225,idle
10233,idle
10241,idle
10250,idle
10258,idle
10266,idle
10275,idle
10283,idle
10291,idle
10300,idle
10308,idle
10316,idle
10325,idle
10333,idle
10341,idle
10350,idle
10358,idle
10366,idle
10375,idle
10383,idle
10391,idle
10400,idle
10408,idle
10416,idle
10425,idle
10433,idle
10441,idle
10450,idle
10458,idle
10466,idle
10475,idle
10483,idle
10491,idle
10500,idle
10508,idle
10516,idle
10525,idle
10533,idle
10541,idle
10550,idle
10558,idle
10566,idle
10575,idle
10583,idle
10591,idle
10600,idle
10608,idle
10616,idle
10625,idle
10633,idle
10641,idle
10650,idle
10658,idle
10666,idle
10675,idle
10683,idle
10691,idle
10700,idle
10708,idle
10716,idle
10725,idle
10733,idle
10741,idle
10750,idle
10758,idle
10766,idle
10775,idle
10783,idle
10791,idle
10800,idle
10808,idle
10816,idle
10825,idle
10833,idle
10841,idle
10850,idle
10858,idle
10866,idle
10875,idle
10883,idle
10891,idle
10900,idle
10908,idle
10916,idle
10925,idle
10933,idle
10941,idle
10950,idle
10958,idle
10966,idle
10975,idle
10983,idle
10991,idle
11000,idle
11008,idle
11016,idle
11025,idle
11033,idle
11041,idle
11050,idle
11058,idle
11066,idle
11075,idle
11083,idle
11091,idle
11100,idle
11108,idle
11116,idle
11125,idle
11133,idle
11141,idle
11150,idle
11158,idle
11166,idle
11175,idle
11183,idle
11191,idle
11200,idle
11208,idle
11216,idle
11225,idle
11233,idle
11241,idle
11250,idle
11258,idle
11266,idle
11275,idle
11283,idle
11291,idle
11300,idle
11308,idle
11316,idle
11325,idle
11333,idle
11341,idle
11350,idle
11358,idle
11366,idle
11375,idle
11383,idle
11391,idle
11400,idle
11408,idle
11416,idle
11425,idle
11433,idle
11441,idle
11450,idle
11458,idle
11466,idle
11475,idle
11483,idle
11491,idle
11500,idle
11508,idle
11516,idle
11525,idle
11533,idle
11541,idle
11550,idle
11558,idle
11566,idle
11575,idle
11583,idle
11591,idle
11600,idle
11608,idle
11616,idle
11625,idle
11633,idle
11641,idle
11650,idle
11658,idle
11666,idle
11675,idle
11683,idle
11691,idle
11700,idle
11708,idle
11716,idle
11725,idle
11733,idle
11741,idle
11750,idle
11758,idle
11766,idle
11775,idle
11783,idle
11791,idle
11800,idle
11808,idle
11816,idle
11825,idle
11833,idle
11841,idle
11850,idle
11858,idle
11866,idle
11875,idle
11883,idle
11891,idle
11900,idle
11908,idle
11916,idle
11925,idle
11933,idle
11941,idle
11950,idle
11958,idle
11966,idle
11975,idle
11983,idle
11991,idle
12000,idle
12008,idle
12016,idle
12025,idle
12033,idle
12041,idle
12050,idle
12058,idle
12066,idle
12075,idle
12083,idle
12091,idle
12100,idle
12108,idle
12116,idle
12125,idle
12133,idle
12141,idle
12150,idle
12158,idle
12166,idle
12175,idle
12183,idle
12191,idle
12200,idle
12208,idle
12216,idle
12225,idle
12233,idle
12241,idle
12250,idle
12258,idle
12266,idle
12275,idle
12283,idle
12291,idle
12300,idle
12308,idle
12316,idle
12325,idle
12333,idle
12341,idle
12350,idle
12358,idle
12366,idle
12375,idle
12383,idle
12391,idle
12400,idle
12408,idle
12416,idle
12425,idle
12433,idle
12441,idle
12450,idle
12458,idle
12466,idle
12475,idle
12483,idle
12491,idle
12500,idle
12508,idle
12516,idle
12525,idle
12533,idle
12541,idle
12550,idle
12558,idle
12566,idle
12575,idle
12583,idle
12591,idle
12600,idle
12608,idle
12616,idle
12625,idle
12633,idle
12641,idle
12650,idle
12658,idle
12666,idle
12675,idle
12683,idle
12691,idle
12700,idle
12708,idle
12716,idle
12725,idle
12733,idle
12741,idle
12750,idle
12758,idle
12766,idle
12775,idle
12783,idle
12791,idle
12800,idle
12808,idle
12816,idle
12825,idle
12833,idle
12841,idle
12850,idle
12858,idle
12866,idle
12875,idle
12883,idle
12891,idle
12900,idle
12908,idle
12916,idle
12925,idle
12933,idle
12941,idle
12950,idle
12958,idle
12966,idle
12975,idle
12983,idle
12991,idle
13000,idle
13008,idle
13016,idle
13025,idle
13033,idle
13041,idle
13050,idle
13058,idle
13066,idle
13075,idle
13083,idle
13091,idle
13100,idle
13108,idle
13116,idle
13125,idle
13133,idle
13141,idle
13150,idle
13158,idle
13166,idle
13175,idle
13183,idle
13191,idle
13200,idle
13208,idle
13216,idle
13225,idle
13233,idle
13241,idle
13250,idle
13258,idle
13266,idle
13275,idle
13283,idle
13291,idle
13300,idle
13308,idle
13316,idle
13325,idle
13333,idle
13341,idle
13350,idle
13358,idle
13366,idle
13375,idle
13383,idle
13391,idle
13400,idle
13408,idle
13416,idle
13425,idle
13433,idle
13441,idle
13450,idle
13458,idle
13466,idle
13475,idle
13483,idle
13491,idle
13500,idle
13508,idle
13516,idle
13525,idle
13533,idle
13541,idle
13550,idle
13558,idle
13566,idle
13575,idle
13583,idle
13591,idle
13600,idle
13608,idle
13616,idle
13625,idle
13633,idle
13641,idle
13650,idle
13658,idle
13666,idle
13675,idle
13683,idle
13691,idle
13700,idle
13708,idle
13716,idle
13725,idle
13733,idle
13741,idle
13750,idle
13758,idle
13766,idle
13775,idle
13783,idle
13791,idle
13800,idle
13808,idle
13816,idle
13825,idle
13833,idle
13841,idle
13850,idle
13858,idle
13866,idle
13875,idle
13883,idle
13891,idle
13900,idle
13908,idle
13916,idle
13925,idle
13933,idle
13941,idle
13950,idle
13958,idle
13966,idle
13975,idle
13983,idle
13991,idle
14000,idle
14008,idle
14016,idle
14025,idle
14033,idle
14041,idle
14050,idle
14058,idle
14066,idle
14075,idle
14083,idle
14091,idle
14100,idle
14108,idle
14116,idle
14125,idle
14133,idle
14141,idle
14150,idle
14158,idle
14166,idle
14175,idle
14183,idle
14191,idle
14200,idle
14208,idle
14216,idle
14225,idle
14233,idle
14241,idle
14250,idle
14258,idle
14266,idle
14275,idle
14283,idle
14291,idle
14300,idle
14308,idle
14316,idle
14325,idle
14333,idle
14341,idle
14350,idle
14358,idle
14366,idle
14375,idle
14383,idle
14391,idle
14400,idle
14408,idle
14416,idle
14425,idle
14433,idle
14441,idle
14450,idle
14458,idle
14466,idle
14475,idle
14483,idle
14491,idle
14500,idle
14508,idle
14516,idle
14525,idle
14533,swipe_left
14541,idle
14550,idle
14558,idle
14566,idle
14575,idle
14583,idle
14591,idle
14600,idle
14608,idle
14616,idle
14625,idle
14633,idle
14641,idle
14650,idle
14658,idle
14666,idle
14675,idle
14683,idle
14691,idle
14700,idle
14708,idle
14716,idle
14725,idle
14733,idle
14741,idle
14750,idle
14758,idle
14766,idle
14775,idle
14783,idle
14791,idle
14800,idle
14808,idle
14816,idle
14825,idle
14833,idle
14841,idle
14850,idle
14858,idle
14866,idle
14875,idle
14883,idle
14891,idle
14900,idle
14908,idle
14916,idle
14925,idle
14933,idle
14941,idle
14950,idle
14958,idle
14966,idle
14975,idle
14983,idle
14991,idle
15000,idle
15008,idle
15016,idle
15025,idle
15033,idle
15041,idle
15050,idle
15058,idle
15066,idle
15075,idle
15083,idle
15091,idle
15100,idle
15108,idle
15116,idle
15125,idle
15133,idle
15141,idle
15150,idle
15158,idle
15166,idle
15175,idle
15183,idle
15191,idle
15200,idle
15208,idle
15216,idle
15225,idle
15233,idle
15241,idle
15250,idle
15258,idle
15266,idle
15275,idle
15283,idle
15291,idle
15300,idle
15308,idle
15316,idle
15325,idle
15333,idle
15341,idle
15350,idle
15358,idle
15366,idle
15375,idle
15383,idle
15391,idle
15400,idle
15408,idle
15416,idle
15425,idle
15433,idle
15441,idle
15450,idle
15458,idle
15466,idle
15475,idle
15483,idle
15491,idle
15500,idle
15508,idle
15516,idle
15525,idle
15533,idle
15541,idle
15550,idle
15558,idle
15566,idle
15575,idle
15583,idle
15591,idle
15600,idle
15608,idle
15616,idle
15625,idle
15633,idle
15641,idle
15650,idle
15658,idle
15666,idle
15675,idle
15683,idle
15691,idle
15700,idle
15708,idle
15716,idle
15725,idle
15733,idle
15741,idle
15750,idle
15758,idle
15766,idle
15775,idle
15783,idle
15791,idle
15800,idle
15808,idle
15816,idle
15825,idle
15833,idle
15841,idle
15850,idle
15858,idle
15866,idle
15875,idle
15883,idle
15891,idle
15900,idle
15908,idle
15916,idle
15925,idle
15933,idle
15941,idle
15950,idle
15958,idle
15966,idle
15975,idle
15983,idle
15991,idle
16000,idle
16008,idle
16016,idle
16025,idle
16033,idle
16041,idle
16050,idle
16058,idle
16066,idle
16075,idle
16083,idle
16091,idle
16100,idle
16108,idle
16116,idle
16125,idle
16133,idle
16141,idle
16150,idle
16158,idle
16166,idle
16175,idle
16183,idle
16191,idle
16200,idle
16208,idle
16216,idle
16225,idle
16233,idle
16241,idle
16250,idle
16258,idle
16266,idle
16275,idle
16283,idle
16291,idle
16300,idle
16308,idle
16316,idle
16325,idle
16333,idle
16341,idle
16350,idle
16358,idle
16366,idle
16375,idle
16383,idle
16391,idle
16400,idle
16408,idle
16416,idle
16425,idle
16433,idle
16441,idle
16450,idle
16458,idle
16466,idle
16475,idle
16483,idle
16491,idle
16500,idle
16508,idle
16516,idle
16525,idle
16533,idle
16541,idle
16550,idle
16558,idle
16566,idle
16575,idle
16583,idle
16591,idle
16600,idle
16608,idle
16616,idle
16625,idle
16633,idle
16641,idle
16650,idle
16658,idle
16666,idle
16675,idle
16683,idle
16691,idle
16700,idle
16708,idle
16716,idle
16725,idle
16733,idle
16741,idle
16750,idle
16758,idle
16766,idle
16775,idle
16783,idle
16791,idle
16800,idle
16808,idle
16816,idle
16825,idle
16833,idle
16841,idle
16850,idle
16858,idle
16866,idle
16875,idle
16883,idle
16891,idle
16900,idle
16908,idle
16916,idle
16925,idle
16933,idle
16941,idle
16950,idle
16958,idle
16966,idle
16975,idle
16983,idle
16991,idle
17000,idle
17008,idle
17016,idle
17025,idle
17033,idle
17041,idle
17050,idle
17058,idle
17066,idle
17075,idle
17083,idle
17091,idle
17100,idle
17108,idle
17116,idle
17125,idle
17133,idle
17141,idle
17150,idle
17158,idle
17166,idle
17175,idle
17183,idle
17191,idle
17200,idle
17208,idle
17216,idle
17225,idle
17233,idle
17241,idle
17250,idle
17258,idle
17266,idle
17275,idle
17283,idle
17291,idle
17300,idle
17308,idle
17316,idle
17325,idle
17333,idle
17341,idle
17350,idle
17358,idle
17366,idle
17375,idle
17383,idle
17391,idle
17400,idle
17408,idle
17416,idle
17425,idle
17433,idle
17441,idle
17450,idle
17458,idle
17466,idle
17475,idle
17483,idle
17491,idle
17500,idle
17508,idle
17516,idle
17525,idle
17533,idle
17541,idle
17550,idle
17558,idle
17566,idle
17575,idle
17583,idle
17591,idle
17600,idle
17608,idle
17616,idle
17625,idle
17633,idle
17641,idle
17650,idle
17658,idle
17666,idle
17675,idle
17683,idle
17691,idle
17700,idle
17708,idle
17716,idle
17725,idle
17733,idle
17741,idle
17750,idle
17758,idle
17766,idle
17775,idle
17783,idle
17791,idle
17800,idle
17808,idle
17816,idle
17825,idle
17833,idle
17841,idle
17850,idle
17858,idle
17866,idle
17875,idle
17883,idle
17891,idle
17900,idle
17908,idle
17916,idle
17925,idle
17933,idle
17941,idle
17950,idle
17958,idle
17966,idle
17975,idle
17983,idle
17991,idle
18000,idle
18008,idle
18016,idle
18025,idle
18033,idle
18041,idle
18050,idle
18058,idle
18066,idle
18075,idle
18083,idle
18091,idle
18100,idle
18108,idle
18116,idle
18125,idle
18133,idle
18141,idle
18150,idle
18158,idle
18166,idle
18175,idle
18183,idle
18191,idle
18200,idle
18208,idle
18216,idle
18225,idle
18233,idle
18241,idle
18250,idle
18258,idle
18266,idle
18275,idle
18283,idle
18291,idle
18300,idle
18308,idle
18316,idle
18325,idle
18333,idle
18341,idle
18350,idle
18358,idle
18366,idle
18375,idle
18383,idle
18391,idle
18400,idle
18408,idle
18416,idle
18425,idle
18433,idle
18441,idle
18450,idle
18458,idle
18466,idle
18475,idle
18483,idle
18491,idle
18500,idle
18508,idle
18516,idle
18525,idle
18533,idle
18541,idle
18550,idle
18558,idle
18566,idle
18575,idle
18583,idle
18591,idle
18600,idle
18608,idle
18616,idle
18625,idle
18633,idle
18641,idle
18650,idle
18658,idle
18666,idle
18675,idle
18683,idle
18691,idle
18700,idle
18708,idle
18716,idle
18725,idle
18733,idle
18741,idle
18750,idle
18758,idle
18766,idle
18775,idle
18783,idle
18791,idle
18800,idle
18808,idle
18816,idle
18825,idle
18833,idle
18841,idle
18850,idle
18858,idle
18866,idle
18875,idle
18883,idle
18891,idle
18900,idle
18908,idle
18916,idle
18925,idle
18933,idle
18941,idle
18950,idle
18958,idle
18966,idle
18975,idle
18983,idle
18991,idle
19000,idle
19008,idle
19016,idle
19025,idle
19033,idle
19041,idle
19050,idle
19058,idle
19066,idle
19075,idle
19083,idle
19091,idle
19100,idle
19108,idle
19116,idle
19125,idle
19133,idle
19141,idle
19150,idle
19158,idle
19166,idle
19175,idle
19183,idle
19191,idle
19200,idle
19208,idle
19216,idle
19225,idle
19233,idle
19241,idle
19250,idle
19258,idle
19266,idle
19275,idle
19283,idle
19291,idle
19300,idle
19308,idle
19316,idle
19325,idle
19333,idle
19341,idle
19350,idle
19358,idle
19366,idle
19375,idle
19383,idle
19391,idle
19400,idle
19408,idle
19416,idle
19425,idle
19433,idle
19441,idle
19450,idle
19458,idle
19466,idle
19475,idle
19483,idle
19491,idle
19500,idle
19508,idle
19516,idle
19525,idle
19533,idle
19541,idle
19550,idle
19558,idle
19566,idle
19575,idle
19583,idle
19591,idle
19600,idle
19608,idle
19616,idle
19625,idle
19633,idle
19641,idle
19650,idle
19658,idle
19666,idle
19675,idle
19683,idle
19691,idle
19700,idle
19708,idle
19716,idle
19725,idle
19733,idle
19741,idle
19750,idle
19758,idle
19766,idle
19775,idle
19783,idle
19791,idle
19800,idle
19808,idle
19816,idle
19825,idle
19833,idle
19841,idle
19850,idle
19858,idle
19866,idle
19875,idle
19883,idle
19891,idle
19900,idle
19908,idle
19916,idle
19925,idle
19933,idle
19941,idle
19950,idle
19958,idle
19966,idle
19975,idle
19983,idle
19991,idle
20000,idle
20008,idle
20016,idle
20025,idle
20033,idle
20041,idle
20050,idle
20058,idle
20066,idle
20075,idle
20083,idle
20091,idle
20100,idle
20108,idle
20116,idle
20125,idle
20133,idle
20141,idle
20150,idle
20158,idle
20166,idle
20175,idle
20183,idle
20191,idle
20200,idle
20208,idle
20216,idle
20225,idle
20233,idle
20241,idle
20250,idle
20258,idle
20266,idle
20275,idle
20283,idle
20291,idle
20300,idle
20308,idle
20316,idle
20325,idle
20333,idle
20341,idle
20350,idle
20358,idle
20366,idle
20375,idle
20383,idle
20391,idle
20400,swipe_left
20408,idle
20416,idle
20425,idle
20433,idle
20441,idle
20450,idle
20458,idle
20466,idle
20475,idle
20483,idle
20491,idle
20500,idle
20508,idle
20516,idle
20525,idle
20533,idle
20541,idle
20550,idle
20558,idle
20566,idle
20575,idle
20583,idle
20591,idle
20600,idle
20608,idle
20616,idle
20625,idle
20633,idle
20641,idle
20650,idle
20658,idle
20666,idle
20675,idle
20683,idle
20691,idle
20700,idle
20708,idle
20716,idle
20725,idle
20733,idle
20741,idle
20750,idle
20758,idle
20766,idle
20775,idle
20783,idle
20791,idle
20800,idle
20808,idle
20816,idle
20825,idle
20833,idle
20841,idle
20850,idle
20858,idle
20866,idle
20875,idle
20883,idle
20891,idle
20900,idle
20908,idle
20916,idle
20925,idle
20933,idle
20941,idle
20950,idle
20958,idle
20966,idle
20975,idle
20983,idle
20991,idle
21000,idle
21008,idle
21016,idle
21025,idle
21033,idle
21041,idle
21050,idle
21058,idle
21066,idle
21075,idle
21083,idle
21091,idle
21100,idle
21108,idle
21116,idle
21125,idle
21133,idle
21141,idle
21150,idle
21158,idle
21166,idle
21175,idle
21183,idle
21191,idle
21200,idle
21208,idle
21216,idle
21225,idle
21233,idle
21241,idle
21250,idle
21258,idle
21266,idle
21275,idle
21283,idle
21291,idle
21300,idle
21308,idle
21316,idle
21325,idle
21333,idle
21341,idle
21350,idle
21358,idle
21366,idle
21375,idle
21383,idle
21391,idle
21400,idle
21408,idle
21416,idle
21425,idle
21433,idle
21441,idle
21450,idle
21458,idle
21466,idle
21475,idle
21483,idle
21491,idle
21500,idle
21508,idle
21516,idle
21525,idle
21533,idle
21541,idle
21550,idle
21558,idle
21566,idle
21575,idle
21583,idle
21591,idle
21600,idle
21608,idle
21616,idle
21625,idle
21633,idle
21641,idle
21650,idle
21658,idle
21666,idle
21675,idle
21683,idle
21691,idle
21700,idle
21708,idle
21716,idle
21725,idle
21733,idle
21741,idle
21750,idle
21758,idle
21766,idle
21775,idle
21783,idle
21791,idle
21800,idle
21808,idle
21816,idle
21825,idle
21833,idle
21841,idle
21850,idle
21858,idle
21866,idle
21875,idle
21883,idle
21891,idle
21900,idle
21908,idle
21916,idle
21925,idle
21933,idle
21941,idle
21950,idle
21958,idle
21966,idle
21975,idle
21983,idle
21991,idle
22000,idle
22008,idle
22016,idle
22025,idle
22033,idle
22041,idle
22050,idle
22058,idle
22066,idle
22075,idle
22083,idle
22091,idle
22100,idle
22108,idle
22116,idle
22125,idle
22133,idle
22141,idle
22150,idle
22158,idle
22166,idle
22175,idle
22183,idle
22191,idle
22200,idle
22208,idle
22216,idle
22225,idle
22233,idle
22241,idle
22250,idle
22258,idle
22266,idle
22275,idle
22283,idle
22291,idle
22300,idle
22308,idle
22316,idle
22325,idle
22333,idle
22341,idle
22350,idle
22358,idle
22366,idle
22375,idle
22383,idle
22391,idle
22400,idle
22408,idle
22416,idle
22425,idle
22433,idle
22441,idle
22450,idle
22458,idle
22466,idle
22475,idle
22483,idle
22491,idle
22500,idle
22508,idle
22516,idle
22525,idle
22533,idle
22541,idle
22550,idle
22558,idle
22566,idle
22575,idle
22583,idle
22591,idle
22600,idle
22608,idle
22616,idle
22625,idle
22633,idle
22641,idle
22650,idle
22658,idle
22666,idle
